{
    "1": -74.96301499387677,
    "2": -74.96301499398503,
    "3": -74.9630149948972,
    "4": -74.96301499056676,
    "5": -74.96301499007828,
    "6": -74.96301499409657,
    "7": -74.96301500184913,
    "8": -74.96301500458976,
    "9": -74.96301499333742,
    "10": -74.96301499261214,
    "1_2": -149.92636515222227,
    "1_3": -149.93280176873026,
    "1_4": -149.9344282884228,
    "1_5": -149.9270579212553,
    "1_6": -149.92663797320998,
    "1_7": -149.92479412245063,
    "1_8": -149.9267888525444,
    "1_9": -149.9354788531191,
    "1_10": -149.92618153732377,
    "2_3": -149.92703508400487,
    "2_4": -149.92641547618248,
    "2_5": -149.93193652687933,
    "2_6": -149.93597027805794,
    "2_7": -149.93545827546376,
    "2_8": -149.92617164301373,
    "2_9": -149.9261361071233,
    "2_10": -149.92678047832163,
    "3_4": -149.9279610111754,
    "3_5": -149.9263795483594,
    "3_6": -149.92664315940274,
    "3_7": -149.93368114792077,
    "3_8": -149.92615892844285,
    "3_9": -149.92590890966858,
    "3_10": -149.93598351565174,
    "4_5": -149.93593859741802,
    "4_6": -149.92619264573293,
    "4_7": -149.9320449317418,
    "4_8": -149.9268403316144,
    "4_9": -149.92705789805981,
    "4_10": -149.9263818874559,
    "5_6": -149.9259500440775,
    "5_7": -149.92597732569564,
    "5_8": -149.93527162535995,
    "5_9": -149.9266801119515,
    "5_10": -149.92662536881537,
    "6_7": -149.9266393642962,
    "6_8": -149.93210536748805,
    "6_9": -149.9259398337607,
    "6_10": -149.93545819533102,
    "7_8": -149.9266217602391,
    "7_9": -149.9263348688719,
    "7_10": -149.9270072248361,
    "8_9": -149.9359537494609,
    "8_10": -149.9262361038906,
    "9_10": -149.9319208731133,
    "1_2_3": -224.89711228858548,
    "1_2_4": -224.89843686670682,
    "1_2_5": -224.89638485613017,
    "1_2_6": -224.90013659354986,
    "1_2_7": -224.89771129392065,
    "1_2_8": -224.8902899946491,
    "1_2_9": -224.89909728327058,
    "1_2_10": -224.89029297503802,
    "1_3_4": -224.90763329263967,
    "1_3_5": -224.89735874026238,
    "1_3_6": -224.89701732202641,
    "1_3_7": -224.89946502274665,
    "1_3_8": -224.89660280677398,
    "1_3_9": -224.9036418638988,
    "1_3_10": -224.90798700412807,
    "1_4_5": -224.91103762764587,
    "1_4_6": -224.89831370959465,
    "1_4_7": -224.90051962065914,
    "1_4_8": -224.89929490084924,
    "1_4_9": -224.91000224940143,
    "1_4_10": -224.89802816990385,
    "1_5_6": -224.8906039233301,
    "1_5_7": -224.88874329417223,
    "1_5_8": -224.9003325422854,
    "1_5_9": -224.90049941923326,
    "1_5_10": -224.89082443894853,
    "1_6_7": -224.88903868351446,
    "1_6_8": -224.89647133331957,
    "1_6_9": -224.89946714600526,
    "1_6_10": -224.8994517848804,
    "1_7_8": -224.88915345832032,
    "1_7_9": -224.89748616191218,
    "1_7_10": -224.88894131629456,
    "1_8_9": -224.91177356813756,
    "1_8_10": -224.89017677457696,
    "1_9_10": -224.90235123054768,
    "2_3_4": -224.89237356963315,
    "2_3_5": -224.89634786640565,
    "2_3_6": -224.90088858823123,
    "2_3_7": -224.90955032766365,
    "2_3_8": -224.8903257660291,
    "2_3_9": -224.89003518787996,
    "2_3_10": -224.901118779712,
    "2_4_5": -224.90719794820853,
    "2_4_6": -224.89963881868272,
    "2_4_7": -224.90275109661349,
    "2_4_8": -224.8903958731868,
    "2_4_9": -224.89057177630235,
    "2_4_10": -224.89054261960644,
    "2_5_6": -224.90679893430047,
    "2_5_7": -224.90282358443642,
    "2_5_8": -224.90215312039706,
    "2_5_9": -224.89552976597957,
    "2_5_10": -224.8962727852909,
    "2_6_7": -224.91147502841534,
    "2_6_8": -224.90718054237811,
    "2_6_9": -224.89901626926897,
    "2_6_10": -224.911758285432,
    "2_7_8": -224.8994304268196,
    "2_7_9": -224.89901520218848,
    "2_7_10": -224.90045710673357,
    "2_8_9": -224.89927775240977,
    "2_8_10": -224.8901578238417,
    "2_9_10": -224.8956786628594,
    "3_4_5": -224.9015356661707,
    "3_4_6": -224.89176236506796,
    "3_4_7": -224.90583903070961,
    "3_4_8": -224.89191809477342,
    "3_4_9": -224.89186147784378,
    "3_4_10": -224.9017375103788,
    "3_5_6": -224.88994147754454,
    "3_5_7": -224.89695463524484,
    "3_5_8": -224.89889705891488,
    "3_5_9": -224.8899060824426,
    "3_5_10": -224.90009179139065,
    "3_6_7": -224.8982554304605,
    "3_6_8": -224.8956950405991,
    "3_6_9": -224.88938793739143,
    "3_6_10": -224.9115447398654,
    "3_7_8": -224.8976284251911,
    "3_7_9": -224.89740425399833,
    "3_7_10": -224.91017955859067,
    "3_8_9": -224.89898235933566,
    "3_8_10": -224.89940137059156,
    "3_9_10": -224.9067673218909,
    "4_5_6": -224.8990347267536,
    "4_5_7": -224.90701884070907,
    "4_5_8": -224.91165375932187,
    "4_5_9": -224.9009372180368,
    "4_5_10": -224.90011402333533,
    "4_6_7": -224.89565584587058,
    "4_6_8": -224.89600254659945,
    "4_6_9": -224.89014976460186,
    "4_6_10": -224.8991560589674,
    "4_7_8": -224.89644617272958,
    "4_7_9": -224.89643132410006,
    "4_7_10": -224.8964683923707,
    "4_8_9": -224.9011806617909,
    "4_8_10": -224.89042345883234,
    "4_9_10": -224.89623207119,
    "5_6_7": -224.88946185905382,
    "5_6_8": -224.90280004445,
    "5_6_9": -224.8894663205445,
    "5_6_10": -224.89945336119013,
    "5_7_8": -224.89928582501443,
    "5_7_9": -224.8899618316058,
    "5_7_10": -224.8905693359789,
    "5_8_9": -224.91131134328847,
    "5_8_10": -224.89931480340516,
    "5_9_10": -224.8961471315284,
    "6_7_8": -224.89629741915928,
    "6_7_9": -224.8898533013982,
    "6_7_10": -224.90037050622007,
    "6_8_9": -224.90698077451978,
    "6_8_10": -224.90255768782058,
    "6_9_10": -224.9027747133773,
    "7_8_9": -224.89999099277128,
    "7_8_10": -224.8908236666917,
    "7_9_10": -224.89636861902807,
    "8_9_10": -224.90701932994494,
    "1_2_3_4": -299.8726118978565,
    "1_2_3_5": -299.8677480062393,
    "1_2_3_6": -299.87176106060804,
    "1_2_3_7": -299.87560524052117,
    "1_2_3_8": -299.8610702746317,
    "1_2_3_9": -299.86821341654075,
    "1_2_3_10": -299.8734420405566,
    "1_2_4_5": -299.88313979880957,
    "1_2_4_6": -299.8726376646192,
    "1_2_4_7": -299.87204376594764,
    "1_2_4_8": -299.8634697481061,
    "1_2_4_9": -299.87430563798506,
    "1_2_4_10": -299.86281008901403,
    "1_2_5_6": -299.8720732019659,
    "1_2_5_7": -299.86611996031434,
    "1_2_5_8": -299.86762142107347,
    "1_2_5_9": -299.86992682021634,
    "1_2_5_10": -299.8608884460349,
    "1_2_6_7": -299.87457587085635,
    "1_2_6_8": -299.87210922305576,
    "1_2_6_9": -299.87337817601684,
    "1_2_6_10": -299.8763261922241,
    "1_2_7_8": -299.86244951674325,
    "1_2_7_9": -299.8708847992864,
    "1_2_7_10": -299.86287906601507,
    "1_2_8_9": -299.8756143317745,
    "1_2_8_10": -299.854453646499,
    "1_2_9_10": -299.866613209675,
    "1_3_4_5": -299.8852515485878,
    "1_3_4_6": -299.87212520862613,
    "1_3_4_7": -299.87917886592345,
    "1_3_4_8": -299.872529439497,
    "1_3_4_9": -299.88143969354536,
    "1_3_4_10": -299.8838635728778,
    "1_3_5_6": -299.86151984146113,
    "1_3_5_7": -299.86386521146585,
    "1_3_5_8": -299.8707729618179,
    "1_3_5_9": -299.8691383306318,
    "1_3_5_10": -299.8733054748194,
    "1_3_6_7": -299.8646297458837,
    "1_3_6_8": -299.86664319352985,
    "1_3_6_9": -299.86813486519543,
    "1_3_6_10": -299.88452822639607,
    "1_3_7_8": -299.86405412063493,
    "1_3_7_9": -299.87108756216685,
    "1_3_7_10": -299.87824140166987,
    "1_3_8_9": -299.8798713064322,
    "1_3_8_10": -299.87208208900836,
    "1_3_9_10": -299.88442711650475,
    "1_4_5_6": -299.87485671487013,
    "1_4_5_7": -299.87895086164895,
    "1_4_5_8": -299.8883429418543,
    "1_4_5_9": -299.8882060456295,
    "1_4_5_10": -299.87546358627145,
    "1_4_6_7": -299.8648535372722,
    "1_4_6_8": -299.86914169339093,
    "1_4_6_9": -299.87429247956356,
    "1_4_6_10": -299.8717880294411,
    "1_4_7_8": -299.86594494022074,
    "1_4_7_9": -299.8762351364595,
    "1_4_7_10": -299.8651747276141,